Timestamp,"Sau khi kết thúc một buổi học, bạn thường dành bao nhiêu thời gian để ôn tập lại nội dung?","Lần gần nhất bạn cố gắng ôn tập bài giảng, bạn đã thực hiện những hành động nào?","Trong quá trình ôn tập đó, điều gì khiến bạn cảm thấy khó khăn nhất hoặc tốn thời gian nhất? Hãy mô tả ngắn gọn.","Sau khi ôn tập, làm thế nào để bạn biết chắc chắn rằng mình đã thực sự hiểu kiến thức đó?",Hãy xếp hạng mức độ ưu tiên của các nguồn dữ liệu bạn muốn dùng để ôn tập: [Nội dung từ Slide bài giảng],Hãy xếp hạng mức độ ưu tiên của các nguồn dữ liệu bạn muốn dùng để ôn tập: [Ví dụ minh họa thực tế của giảng viên],Hãy xếp hạng mức độ ưu tiên của các nguồn dữ liệu bạn muốn dùng để ôn tập: [Tài liệu tham khảo trong buổi học],"Nếu có một công cụ giúp bạn kiểm tra độ hiểu bài ngay lập tức sau buổi học, bạn kỳ vọng nó sẽ hoạt động như thế nào?",Bạn có sẵn sàng tham gia nhóm trải nghiệm sớm (Beta User) cho tính năng 'AI Quiz ôn tập cuối buổi' không?
7/30/2026 10:55:51,Dưới 15 phút,"Đọc lại toàn bộ Slide (30-50 trang), Tự ghi chú lại những ý chính, ",,Tôi làm lại bài tập được giao,Quan trọng,Rất quan trọng,Quan trọng,,"Có, tôi rất muốn trải nghiệm"
7/30/2026 10:56:38,Không ôn tập gì,Không ôn tập vì thấy quá mất thời gian,Mô tả là tốn thời gian nhất bro,Tôi cảm thấy hiểu nhưng không có cách kiểm chứng cụ thể,Rất quan trọng,Rất quan trọng,Quan trọng,Tổng hợp hết cho tôi,"Có, tôi rất muốn trải nghiệm"
7/30/2026 10:57:56,Từ 15 - 30 phút,Tự ghi chú lại những ý chính,Điều khiến tôi cảm thấy khó khăn và tốn nhiều thời gian nhất là duy trì việc học đều đặn và phân bổ thời gian hợp lý giữa các nội dung. Một số phần kiến thức khó nhớ hoặc cần luyện tập nhiều lần nên tôi phải dành thêm thời gian để ôn lại và củng cố.,Tôi làm lại bài tập được giao,Quan trọng,Bình thường,Bình thường,"Tôi kỳ vọng công cụ có thể đưa ra một bài kiểm tra ngắn ngay sau buổi học, gồm các câu hỏi phù hợp với nội dung vừa học và cho kết quả ngay lập tức","Có, tôi rất muốn trải nghiệm"
7/30/2026 11:26:36,Không ôn tập gì,Không ôn tập vì thấy quá mất thời gian,,"Tôi không kiểm chứng, chỉ xem qua cho biết",Quan trọng,Không quan trọng,Rất quan trọng,,"Có, tôi rất muốn trải nghiệm"
7/30/2026 11:31:05,Dưới 15 phút,"Đọc lại toàn bộ Slide (30-50 trang), Đọc lướt Slide tìm từ khóa","slide quá dài , không tóm tắt kiến thức",Tôi cảm thấy hiểu nhưng không có cách kiểm chứng cụ thể,Quan trọng,Rất quan trọng,Rất quan trọng,đúng đủ không rườm rà ,"Có, tôi rất muốn trải nghiệm"
7/30/2026 11:31:52,Dưới 15 phút,Đọc lướt Slide tìm từ khóa,Tìm ý chính trong slide,Tôi cảm thấy hiểu nhưng không có cách kiểm chứng cụ thể,Rất quan trọng,Rất quan trọng,Bình thường,,"Có, tôi rất muốn trải nghiệm"
7/30/2026 11:33:57,Trên 30 phút,Tự ghi chú lại những ý chính,"có quá nhiều thông tin trong silde không biết cái nào ý chính, nhiều khi bị lan man",Tôi làm lại bài tập được giao,Quan trọng,Rất quan trọng,Quan trọng,,"Có, tôi rất muốn trải nghiệm"
7/30/2026 11:35:57,Từ 15 - 30 phút,"Đọc lại toàn bộ Slide (30-50 trang), Đọc lướt Slide tìm từ khóa, Tự ghi chú lại những ý chính",nhiều kiến thức,Tôi làm lại bài tập được giao,Rất quan trọng,Rất quan trọng,Rất quan trọng,đơn giản dễ sử dụng,"Có, tôi rất muốn trải nghiệm"
7/30/2026 11:36:33,Chỉ đọc lại khi cần sử dụng kiến thức đó cho bài tập,"Đọc lướt Slide tìm từ khóa, Không ôn tập vì thấy quá mất thời gian","Slide quá dài và nhiều thông tin, không biết nên học thế nào",Tôi cảm thấy hiểu nhưng không có cách kiểm chứng cụ thể,Rất quan trọng,Bình thường,Bình thường,,"Có, tôi rất muốn trải nghiệm"
7/30/2026 11:44:34,Trên 30 phút,Đọc lướt Slide tìm từ khóa,Không thể đọc được hết slide và không biết focus vào đâu để học ,Tôi tự đặt câu hỏi và trả lời cho mình,Rất quan trọng,Quan trọng,Không quan trọng,"Hmmm, chắc là đưa câu hỏi và mình trả lời dựa theo slide bài giảng (có đáp án)",Để xem tính năng đó là gì đã
7/30/2026 11:55:05,Từ 15 - 30 phút,Tự ghi chú lại những ý chính,"track kiến thức trọng tâm , tổng hợp lại ",Tôi thử áp dụng vào dự án thực tế ngay,Quan trọng,Rất quan trọng,Bình thường,cao,"Có, tôi rất muốn trải nghiệm"
7/30/2026 11:58:56,Dưới 15 phút,Đọc lướt Slide tìm từ khóa,không biết nội dung nào quan trọng,Tôi tự đặt câu hỏi và trả lời cho mình,Bình thường,Quan trọng,Quan trọng,,"Có, tôi rất muốn trải nghiệm"
7/30/2026 12:01:51,Dưới 15 phút,Đọc lướt Slide tìm từ khóa,slide khá dài ,Tôi tự đặt câu hỏi và trả lời cho mình,Quan trọng,Quan trọng,Quan trọng,có một cái nào đó để giúp mình tóm tắt nồi dùng và giúp mình nhớ dc các keyword ôn tập,"Có, tôi rất muốn trải nghiệm"
7/30/2026 12:11:50,Không ôn tập gì,Đọc lại toàn bộ Slide (30-50 trang),Hehe,"Tôi không kiểm chứng, chỉ xem qua cho biết",,Quan trọng,,,"Có, tôi rất muốn trải nghiệm"
7/30/2026 14:22:38,Từ 15 - 30 phút,Đọc lướt Slide tìm từ khóa,Slide dài,Tôi tự đặt câu hỏi và trả lời cho mình,Rất quan trọng,Rất quan trọng,Bình thường,Tạo câu hỏi ôn tập,Để xem tính năng đó là gì đã
7/30/2026 14:23:27,Từ 15 - 30 phút,Đọc lại toàn bộ Slide (30-50 trang),tốn rất nhiều thời gian để nhớ bài học,Tôi thử áp dụng vào dự án thực tế ngay,Rất quan trọng,Quan trọng,Rất quan trọng,muợt và ổn định,"Có, tôi rất muốn trải nghiệm"
7/30/2026 14:24:04,Không ôn tập gì,"Đọc lại toàn bộ Slide (30-50 trang), Tự ghi chú lại những ý chính","Tài liệu dài lan man, hay đọc thừa",Tôi tự đặt câu hỏi và trả lời cho mình,Rất quan trọng,Rất quan trọng,Rất quan trọng,Tốt,"Có, tôi rất muốn trải nghiệm"
7/30/2026 14:24:14,Chỉ đọc lại khi cần sử dụng kiến thức đó cho bài tập,"Đọc lướt Slide tìm từ khóa, Chụp màn hình cho AI tóm tắt","Kiến thức dàn trải, không biết nên ôn gì",Tôi cảm thấy hiểu nhưng không có cách kiểm chứng cụ thể,Rất quan trọng,Bình thường,Không quan trọng,Dễ sử dụng,Để xem tính năng đó là gì đã
7/30/2026 14:28:40,Chỉ đọc lại khi cần sử dụng kiến thức đó cho bài tập,Không ôn tập vì thấy quá mất thời gian,Đọc slide quá nhiều,Tôi cảm thấy hiểu nhưng không có cách kiểm chứng cụ thể,Quan trọng,Bình thường,Bình thường,Có thể bao quát toàn bộ nội dung của bài học. Có giải thích ,"Không, tôi không có thời gian"
7/30/2026 14:29:51,Chỉ đọc lại khi cần sử dụng kiến thức đó cho bài tập,Tự ghi chú lại những ý chính,Hiểu vấn đề,Tôi làm lại bài tập được giao,Quan trọng,Rất quan trọng,Quan trọng,"Chỉ ra những chỗ ta đã hiểu rõ + chỗ ta hiểu mù mờ + giải thích lý do, nguyên nhân+ hướng giải quyết tình trạng đấy",Để xem tính năng đó là gì đã